date;id_secteur;id_station;id_gps;gps_name;x_wgs84_31N;y_wgs84_31N;x_lamb93;y_lamb93
08/08/2023;1;9_1;709;hugo;628847.7517;4812172.066;828948.2027;6262663.282
08/08/2023;1;7_1;7_1;hugo;628830.8077;4812201.718;828931.2165;6262692.935
08/08/2023;1;2_1;710;hugo;628893.0836;4812133.822;828993.6042;6262625.06
08/08/2023;1;1_1;711;hugo;628877.0147;4812144.289;828977.5139;6262635.517
08/08/2023;1;3_1;712;hugo;628873.1368;4812152.661;828973.6246;6262643.89
08/08/2023;1;4_1;713;hugo;628867.8067;4812173.111;828968.2696;6262664.348
08/08/2023;1;5_1;714;hugo;628852.241;4812182.815;828952.6836;6262674.042
08/08/2023;1;6_1;715;hugo;628838.5475;4812196.438;828938.967;6262687.659
09/08/2023;1;8_1;462;marc;628897.6436;4812149.241;828998.151;6262640.494
09/08/2023;1;10_1;463;marc;628849.2976;4812158.982;828949.7633;6262650.191
09/08/2023;2;1_2;464;marc;631643.0267;4811585.697;831745.9117;6262079.504
09/08/2023;2;2_2;465;marc;631673.7513;4811583.408;831776.6586;6262077.247
09/08/2023;2;3_2;466;marc;631687.9906;4811596.241;831790.8933;6262090.103
09/08/2023;2;4_2;467;marc;631645.0074;4811608.623;831747.8691;6262102.446
09/08/2023;2;5_2;468;marc;631632.0258;4811610.147;831734.8774;6262103.957
09/08/2023;2;6_2;469;marc;631626.0847;4811615.919;831728.9263;6262109.727
16/08/2023;2;7_2;716;hugo;631617.064;4811625.966;831719.889;6262119.771
16/08/2023;2;8_2;718;hugo;631668.549;4811609.305;831771.425;6262103.155
16/08/2023;2;9_2;719;hugo;631635.528;4811579.997;831738.414;6262073.792
16/08/2023;2;10_2;720;hugo;631646.473;4811633.096;831749.31;6262126.937
16/08/2023;3;1_3;721;hugo;631648.159;4811281.379;831751.375;6261774.995
16/08/2023;3;2_3;722;hugo;631647.664;4811265.371;831750.897;6261758.975
16/08/2023;3;3_3;723;hugo;631669.82;4811250.028;831773.083;6261743.646
18/08/2023;3;4_3;724;hugo;631680.871;4811223.024;831784.171;6261716.636
18/08/2023;3;5_3;725;hugo;631684.325;4811216.088;831787.635;6261709.7
18/08/2023;3;6_3;726;hugo;631728.568;4811131.297;831831.997;6261624.901
18/08/2023;3;7_3;727;hugo;631884.419;4810956.802;831988.138;6261450.461
18/08/2023;3;8_3;728;hugo;631734.19;4811125.186;831837.63;6261618.793
18/08/2023;3;9_3;729;hugo;631693.378;4811192.043;831796.72;6261685.65
18/08/2023;3;10_3;730;hugo;631666.975;4811238.304;831770.249;6261731.912
