id_secteur;id_station;id_gps;sp_touffe;diam_NS;diam_OE;Hmax;transect_size;bande_touffe;bande_intermed_min;bande_intermed_max;largeur_bande_intermed
1;9_1;709;A_macrostachyum;210.0;210.0;58.0;3;105;105.0;150.0;45.0
1;2_1;710;S_fruticosa;65.0;59.0;27.0;1;35;35.0;85.0;50.0
1;1_1;711;S_fruticosa;150.0;140.0;57.0;2;56;56.0;120.0;64.0
1;7_1;7_1;A_macrostachyum;75.0;70.0;34.0;2;40;40.0;75.0;35.0
1;3_1;712;S_fruticosa;115.0;120.0;46.0;2;48;48.0;95.0;47.0
1;4_1;713;A_macrostachyum;108.0;130.0;33.0;2;50;50.0;90.0;40.0
1;5_1;714;A_macrostachyum;95.0;95.0;49.5;1;45;45.0;80.0;35.0
1;6_1;715;S_fruticosa;50.0;47.0;19.0;1;20;20.0;50.0;30.0
1;8_1;462;S_fruticosa;62.0;58.0;23.0;1;29;29.0;60.0;31.0
1;10_1;463;A_macrostachyum;145.0;135.0;59.0;2;60;60.0;160.0;100.0
2;1_2;464;S_fruticosa;55.0;59.0;34.0;1;20;20.0;65.0;45.0
2;2_2;465;A_macrostachyum;72.0;83.0;30.0;1;35;35.0;80.0;45.0
2;3_2;466;S_fruticosa;160.0;166.0;73.0;2;70;70.0;130.0;60.0
2;4_2;467;A_macrostachyum;115.0;125.0;45.0;2;40;40.0;110.0;70.0
2;5_2;468;S_fruticosa;90.0;85.0;46.0;2;40;40.0;70.0;30.0
2;6_2;469;A_macrostachyum;48.0;58.0;43.5;1;30;30.0;55.0;25.0
2;7_2;716;S_fruticosa;71.0;79.0;68.0;1;25.0;25.0;55.0;30.0
2;8_2;718;A_macrostachyum;149.0;164.0;47.0;2;55.0;55.0;110.0;55.0
2;9_2;719;A_macrostachyum;51.0;61.0;22.0;1;22.0;22.0;50.0;28.0
2;10_2;720;S_fruticosa;105.0;103.0;42.0;2;49.0;49.0;110.0;61.0
3;1_3;721;A_macrostachyum;128.0;121.0;41.0;2;60.0;60.0;170.0;110.0
3;2_3;722;A_macrostachyum;109.0;103.0;44.0;2;50.0;50.0;90.0;40.0
3;3_3;723;S_fruticosa;45.0;39.0;30.0;1;18.0;18.0;45.0;27.0
3;4_3;724;S_fruticosa;65.0;68.0;41.0;1;35.0;35.0;75.0;40.0
3;5_3;725;A_macrostachyum;95.0;97.0;41.0;2;52.0;52.0;80.0;28.0
3;6_3;726;S_fruticosa;84.0;78.0;46.0;1;40.0;40.0;70.0;30.0
3;7_3;727;A_macrostachyum;42.0;51.0;32.0;1;25.0;25.0;50.0;25.0
3;8_3;728;A_macrostachyum;35.0;49.0;24.0;1;20.0;20.0;50.0;30.0
3;9_3;729;S_fruticosa;90.0;90.0;35.0;2;45.0;45.0;100.0;55.0
3;10_3;730;S_fruticosa;120.0;85.0;50.0;2;40.0;40.0;80.0;40.0
