id_secteur;id_station;point_contact;dist;alti;S_patula;S_fruticosa;A_macrostachyum;zone
1;1_1;1;0;64.8;;52.0;;touffe
1;1_1;2;4;66.2;;52.0;;touffe
1;1_1;3;8;66.7;;49.0;;touffe
1;1_1;4;12;65.7;;43.0;;touffe
1;1_1;5;16;66.4;;39.0;;touffe
1;1_1;6;20;66.7;;43.0;;touffe
1;1_1;7;24;66.8;;25.0;;touffe
1;1_1;8;28;66.1;;22.0;;touffe
1;1_1;9;32;66.1;;26.0;;touffe
1;1_1;10;36;66.7;;40.0;;touffe
1;1_1;11;40;66.4;;33.0;;touffe
1;1_1;12;44;66.3;;27.0;;touffe
1;1_1;13;48;66.4;;15.0;;touffe
1;1_1;14;52;66.4;;20.0;;touffe
1;1_1;15;56;66.2;;18.0;;touffe
1;1_1;16;60;66.6;;12.0;;intermed
1;1_1;17;64;67.0;;18.0;;intermed
1;1_1;18;68;66.6;;;;intermed
1;1_1;19;72;66.7;;;;intermed
1;1_1;20;76;67.0;;;;intermed
1;1_1;21;80;66.7;;;;intermed
1;1_1;22;84;66.8;;;;intermed
1;1_1;23;88;66.9;;;3.0;intermed
1;1_1;24;92;66.4;;;3.0;intermed
1;1_1;25;96;66.5;;;;intermed
1;1_1;26;100;66.4;;;;intermed
1;1_1;27;104;66.6;;;;intermed
1;1_1;28;108;66.7;;;;intermed
1;1_1;29;112;66.6;;4.0;;intermed
1;1_1;30;116;66.5;;;;intermed
1;1_1;31;120.0;66.3;0.5;;;annuelle
1;1_1;32;124.0;66.1;;;;annuelle
1;1_1;33;128.0;66.5;;;;annuelle
1;1_1;34;132.0;66.2;2.0;;;annuelle
1;1_1;35;136.0;66.3;5.0;;;annuelle
1;1_1;36;140.0;66.2;2.0;;;annuelle
1;1_1;37;144.0;65.9;;;;annuelle
1;1_1;38;148.0;66.0;3.0;;;annuelle
1;1_1;39;152.0;66.1;;;;annuelle
1;1_1;40;156.0;66.1;;;7.0;annuelle
1;1_1;41;160.0;59.7;;;5.0;annuelle
1;1_1;42;164.0;66.2;;;7.0;annuelle
1;1_1;43;168.0;66.0;;;4.0;annuelle
1;1_1;44;172.0;66.2;;;4.0;annuelle
1;1_1;45;176.0;65.8;;;;annuelle
1;1_1;46;180.0;65.6;;;;annuelle
1;1_1;47;184.0;66.6;;;;annuelle
1;1_1;48;188.0;66.4;2.0;;;annuelle
1;1_1;49;192.0;66.5;;;;annuelle
1;1_1;50;196.0;66.2;;;;annuelle
1;2_1;1;0;33.2;;24.0;;touffe
1;2_1;2;2;33.2;;16.0;;touffe
1;2_1;3;4;33.1;;15.0;;touffe
1;2_1;4;6;33.4;;23.0;;touffe
1;2_1;5;8;32.9;;12.0;;touffe
1;2_1;6;10;33.4;;17.0;;touffe
1;2_1;7;12;33.4;;16.0;;touffe
1;2_1;8;14;33.4;;15.0;;touffe
1;2_1;9;16;33.4;;19.0;;touffe
1;2_1;10;18;33.4;;22.0;;touffe
1;2_1;11;20;33.5;;23.0;;touffe
1;2_1;12;22;33.5;;13.0;;touffe
1;2_1;13;24;33.6;;15.0;;touffe
1;2_1;14;26;33.8;;16.0;;touffe
1;2_1;15;28;34.0;;9.5;;touffe
1;2_1;16;30;33.5;;11.0;;touffe
1;2_1;17;32;33.6;;2.0;;touffe
1;2_1;18;34;33.5;;;;touffe
1;2_1;19;36;33.5;;;;intermed
1;2_1;20;38;33.5;;;;intermed
1;2_1;21;40;33.5;;;;intermed
1;2_1;22;42;33.6;;;;intermed
1;2_1;23;44;33.7;;;;intermed
1;2_1;24;46;33.6;;;;intermed
1;2_1;25;48;33.8;2.0;;;intermed
1;2_1;26;50;33.6;2.0;;;intermed
1;2_1;27;52;33.6;;;;intermed
1;2_1;28;54;33.5;1.5;;;intermed
1;2_1;29;56;33.4;1.0;;;intermed
1;2_1;30;58;33.5;;;;intermed
1;2_1;31;60;33.3;;;;intermed
1;2_1;32;62;33.4;;;;intermed
1;2_1;33;64;33.5;;;;intermed
1;2_1;34;66;33.6;;;;intermed
1;2_1;35;68;33.7;;;;intermed
1;2_1;36;70;33.5;;;;intermed
1;2_1;37;72;33.5;;;;intermed
1;2_1;38;74;33.5;1.0;;;intermed
1;2_1;39;76;33.0;;;;intermed
1;2_1;40;78;33.3;;;;intermed
1;2_1;41;80;33.4;;;;intermed
1;2_1;42;82;33.4;;;;intermed
1;2_1;43;84;33.3;;;;intermed
1;2_1;44;86;33.4;;;;annuelle
1;2_1;45;88;33.5;4.0;;;annuelle
1;2_1;46;90;33.3;2.0;;;annuelle
1;2_1;47;92;33.4;;;;annuelle
1;2_1;48;94;33.6;1.0;;;annuelle
1;2_1;49;96;33.5;1.0;;;annuelle
1;2_1;50;98;33.5;3.5;;;annuelle
1;3_1;1;0;54.7;;33.0;;touffe
1;3_1;2;4;54.8;;39.0;;touffe
1;3_1;3;8;54.3;;32.0;;touffe
1;3_1;4;12;54.9;;37.0;;touffe
1;3_1;5;16;55.3;;34.0;;touffe
1;3_1;6;20;55.2;;39.0;;touffe
1;3_1;7;24;55.2;;27.0;;touffe
1;3_1;8;28;55.0;;23.0;;touffe
1;3_1;9;32;55.0;;25.0;;touffe
1;3_1;10;36;54.7;;18.0;;touffe
1;3_1;11;40;54.6;;16.0;;touffe
1;3_1;12;44;55.2;;12.0;;touffe
1;3_1;13;48;55.1;;9.0;;touffe
1;3_1;14;52;56.1;;3.0;;intermed
1;3_1;15;56;56.0;;;;intermed
1;3_1;16;60;56.0;;;;intermed
1;3_1;17;64;55.9;;;;intermed
1;3_1;18;68;55.8;;;;intermed
1;3_1;19;72;55.9;3.0;;;intermed
1;3_1;20;76;55.9;;;;intermed
1;3_1;21;80;56.2;;;;intermed
1;3_1;22;84;56.3;;;;intermed
1;3_1;23;88;56.1;1.0;;;intermed
1;3_1;24;92;56.1;;;;intermed
1;3_1;25;96;56.0;;;;annuelle
1;3_1;26;100;55.9;2.5;;;annuelle
1;3_1;27;104;55.9;2.0;;;annuelle
1;3_1;28;108;55.9;;;;annuelle
1;3_1;29;112;55.8;1.0;;;annuelle
1;3_1;30;116;55.9;;;;annuelle
1;3_1;31;120;56.0;3.0;;;annuelle
1;3_1;32;124;56.0;3.0;;;annuelle
1;3_1;33;128;55.7;3.0;;;annuelle
1;3_1;34;132;55.8;2.5;;;annuelle
1;3_1;35;136;56.1;4.0;;;annuelle
1;3_1;36;140;56.4;;;;annuelle
1;3_1;37;144;56.1;0.5;;;annuelle
1;3_1;38;148;56.3;;;;annuelle
1;3_1;39;152;56.0;4.5;;;annuelle
1;3_1;40;156;56.3;2.5;;;annuelle
1;3_1;41;160;56.1;4.0;;;annuelle
1;3_1;42;164;55.9;0.5;;;annuelle
1;3_1;43;168;55.9;2.0;;;annuelle
1;3_1;44;172;56.1;0.5;;;annuelle
1;3_1;45;176;56.3;2.0;;;annuelle
1;3_1;46;180;56.5;4.0;;;annuelle
1;3_1;47;184;56.2;;;;annuelle
1;3_1;48;188;56.4;2.0;;;annuelle
1;3_1;49;192;56.4;3.0;;;annuelle
1;3_1;50;196;56.5;4.0;;;annuelle
1;4_1;1;0;29.9;;;9.0;touffe
1;4_1;2;4;29.9;;;12.0;touffe
1;4_1;3;8;29.9;;;10.0;touffe
1;4_1;4;12;29.2;;;10.0;touffe
1;4_1;5;16;29.5;;;15.0;touffe
1;4_1;6;20;29.5;;;13.0;touffe
1;4_1;7;24;29.0;;;15.0;touffe
1;4_1;8;28;29.3;;;9.0;touffe
1;4_1;9;32;28.1;;;13.0;touffe
1;4_1;10;36;29.6;;;6.0;touffe
1;4_1;11;40;30.0;;;8.0;touffe
1;4_1;12;44;29.0;;;10.0;touffe
1;4_1;13;48;30.1;;;13.0;touffe
1;4_1;14;52;30.1;;;7.0;intermed
1;4_1;15;56;29.9;;;;intermed
1;4_1;16;60;30.1;;;;intermed
1;4_1;17;64;30.1;3.0;;;intermed
1;4_1;18;68;30.0;;;;intermed
1;4_1;19;72;30.0;;;;intermed
1;4_1;20;76;30.2;;;;intermed
1;4_1;21;80;30.0;;;;intermed
1;4_1;22;84;30.0;3.0;;;intermed
1;4_1;23;88;30.0;3.0;;;intermed
1;4_1;24;92;29.8;3.0;;;annuelle
1;4_1;25;96;29.9;2.0;;;annuelle
1;4_1;26;100;30.4;5.0;;;annuelle
1;4_1;27;104;30.0;4.0;;;annuelle
1;4_1;28;108;30.5;4.0;;;annuelle
1;4_1;29;112;30.0;3.0;;;annuelle
1;4_1;30;116;30.4;8.0;;;annuelle
1;4_1;31;120;30.5;;;;annuelle
1;4_1;32;124;30.0;;;;annuelle
1;4_1;33;128;30.2;7.0;;;annuelle
1;4_1;34;132;29.9;5.0;;;annuelle
1;4_1;35;136;30.0;;;;annuelle
1;4_1;36;140;30.3;4.0;;;annuelle
1;4_1;37;144;30.0;4.0;;;annuelle
1;4_1;38;148;30.0;4.0;;;annuelle
1;4_1;39;152;30.0;;;;annuelle
1;4_1;40;156;29.7;;;;annuelle
1;4_1;41;160;29.9;3.0;;;annuelle
1;4_1;42;164;29.4;;;;annuelle
1;4_1;43;168;29.8;;;;annuelle
1;4_1;44;172;29.7;3.0;;;annuelle
1;4_1;45;176;29.7;;;;annuelle
1;4_1;46;180;30.0;1.0;;;annuelle
1;4_1;47;184;30.0;;;;annuelle
1;4_1;48;188;29.9;2.0;;;annuelle
1;4_1;49;192;29.7;3.0;;;annuelle
1;4_1;50;196;29.6;;;;annuelle
1;5_1;1;0;37.2;;;3.0;touffe
1;5_1;2;2;37.0;;;3.5;touffe
1;5_1;3;4;37.0;;;4.0;touffe
1;5_1;4;6;36.9;;;21.5;touffe
1;5_1;5;8;36.8;;;21.0;touffe
1;5_1;6;10;37.1;;;21.5;touffe
1;5_1;7;12;37.2;;;23.0;touffe
1;5_1;8;14;37.0;;;29.0;touffe
1;5_1;9;16;37.1;;;26.5;touffe
1;5_1;10;18;37.1;;;32.0;touffe
1;5_1;11;20;37.3;;;34.0;touffe
1;5_1;12;22;37.6;;;34.0;touffe
1;5_1;13;24;37.9;;;34.0;touffe
1;5_1;14;26;38.1;;;37.0;touffe
1;5_1;15;28;38.1;;;16.0;touffe
1;5_1;16;30;38.0;;;18.0;touffe
1;5_1;17;32;37.8;;;21.0;touffe
1;5_1;18;34;37.6;;;21.0;touffe
1;5_1;19;36;37.6;;;22.0;touffe
1;5_1;20;38;37.7;;;;touffe
1;5_1;21;40;37.7;;;;touffe
1;5_1;22;42;37.5;;;;touffe
1;5_1;23;44;37.4;;;;touffe
1;5_1;24;46;37.3;;;;intermed
1;5_1;25;48;37.6;;;;intermed
1;5_1;26;50;37.5;;;;intermed
1;5_1;27;52;37.5;;;;intermed
1;5_1;28;54;37.4;;;;intermed
1;5_1;29;56;37.2;;;;intermed
1;5_1;30;58;37.3;;;;intermed
1;5_1;31;60;37.6;;;;intermed
1;5_1;32;62;37.3;;;;intermed
1;5_1;33;64;37.3;1.0;;;intermed
1;5_1;34;66;37.5;0.5;;;intermed
1;5_1;35;68;37.4;1.0;;;intermed
1;5_1;36;70;37.6;3.0;;;intermed
1;5_1;37;72;37.7;;;;intermed
1;5_1;38;74;37.6;1.5;;;intermed
1;5_1;39;76;37.6;;;;intermed
1;5_1;40;78;37.7;;;;intermed
1;5_1;41;80;37.6;3.0;;;annuelle
1;5_1;42;82;37.6;5.0;;;annuelle
1;5_1;43;84;37.8;8.0;;;annuelle
1;5_1;44;86;37.3;8.0;;;annuelle
1;5_1;45;88;37.4;8.0;;;annuelle
1;5_1;46;90;37.2;;;;annuelle
1;5_1;47;92;37.2;;;;annuelle
1;5_1;48;94;37.4;4.0;;;annuelle
1;5_1;49;96;37.4;;;;annuelle
1;5_1;50;98;37.0;3.0;;;annuelle
1;6_1;1;0;25.9;;19.0;;touffe
1;6_1;2;2;26.3;;15.0;;touffe
1;6_1;3;4;26.0;;13.0;;touffe
1;6_1;4;6;26.3;;13.5;;touffe
1;6_1;5;8;26.3;;12.0;;touffe
1;6_1;6;10;26.4;;8.0;;touffe
1;6_1;7;12;26.3;;7.5;;touffe
1;6_1;8;14;26.1;;14.5;;touffe
1;6_1;9;16;26.4;;14.0;;touffe
1;6_1;10;18;26.2;;15.0;;touffe
1;6_1;11;20;26.6;;15.0;;touffe
1;6_1;12;22;27.4;;;;intermed
1;6_1;13;24;26.8;;;;intermed
1;6_1;14;26;26.9;;;;intermed
1;6_1;15;28;27.0;;;;intermed
1;6_1;16;30;26.8;;;;intermed
1;6_1;17;32;26.8;;;;intermed
1;6_1;18;34;26.6;;;;intermed
1;6_1;19;36;26.8;;;;intermed
1;6_1;20;38;26.7;;;;intermed
1;6_1;21;40;26.8;;;;intermed
1;6_1;22;42;26.8;;;;intermed
1;6_1;23;44;26.4;1.5;;;intermed
1;6_1;24;46;26.3;;;;intermed
1;6_1;25;48;26.6;;;;intermed
1;6_1;26;50;26.8;;;;intermed
1;6_1;27;52;26.6;1.0;;;annuelle
1;6_1;28;54;26.7;;;1.0;annuelle
1;6_1;29;56;26.75;2.0;;;annuelle
1;6_1;30;58;26.8;2.0;;;annuelle
1;6_1;31;60;26.6;2.5;;;annuelle
1;6_1;32;62;26.6;;;;annuelle
1;6_1;33;64;26.5;4.5;;;annuelle
1;6_1;34;66;26.5;2.0;;;annuelle
1;6_1;35;68;26.3;4.0;;;annuelle
1;6_1;36;70;26.5;4.0;;;annuelle
1;6_1;37;72;26.5;3.0;;;annuelle
1;6_1;38;74;26.6;2.0;;;annuelle
1;6_1;39;76;26.3;1.0;;;annuelle
1;6_1;40;78;26.4;3.0;;;annuelle
1;6_1;41;80;26.2;5.0;;;annuelle
1;6_1;42;82;26.3;6.0;;;annuelle
1;6_1;43;84;26.5;1.5;;;annuelle
1;6_1;44;86;26.5;2.0;;;annuelle
1;6_1;45;88;26.5;4.0;;;annuelle
1;6_1;46;90;26.6;4.5;;;annuelle
1;6_1;47;92;26.6;3.5;;;annuelle
1;6_1;48;94;26.6;3.0;;;annuelle
1;6_1;49;96;26.5;4.5;;;annuelle
1;6_1;50;98;26.3;3.5;;;annuelle
1;7_1;1;0;35.0;;;8.5;touffe
1;7_1;2;2;35.0;;;10.0;touffe
1;7_1;3;4;35.0;;;10.0;touffe
1;7_1;4;6;34.9;;;13.0;touffe
1;7_1;5;8;34.5;;;12.0;touffe
1;7_1;6;10;33.8;;;17.5;touffe
1;7_1;7;12;34.3;;;18.0;touffe
1;7_1;8;14;34.5;;;14.0;touffe
1;7_1;9;16;34.6;;;23.0;touffe
1;7_1;10;18;35.0;;;19.0;touffe
1;7_1;11;20;34.8;;;20.0;touffe
1;7_1;12;22;34.8;;;18.0;touffe
1;7_1;13;24;34.8;;;24.0;touffe
1;7_1;14;26;35.0;;;24.0;touffe
1;7_1;15;28;35.2;;;24.0;touffe
1;7_1;16;30;35.3;;;22.0;touffe
1;7_1;17;32;35.4;;;;touffe
1;7_1;18;34;35.5;;;;touffe
1;7_1;19;36;35.3;;;;touffe
1;7_1;20;38;35.3;;;;touffe
1;7_1;21;40;35.4;;;;intermed
1;7_1;22;42;35.5;;;;intermed
1;7_1;23;44;35.4;;;;intermed
1;7_1;24;46;35.2;5.0;;;intermed
1;7_1;25;48;35.6;;;;intermed
1;7_1;26;50;35.7;;;;intermed
1;7_1;27;52;35.7;;;;intermed
1;7_1;28;54;35.4;;;;intermed
1;7_1;29;56;35.5;;;;intermed
1;7_1;30;58;35.8;;;;intermed
1;7_1;31;60;36.0;;;;intermed
1;7_1;32;62;35.9;;;;intermed
1;7_1;33;64;35.6;;;;intermed
1;7_1;34;66;35.4;3.0;;;intermed
1;7_1;35;68;35.7;;;;intermed
1;7_1;36;70;35.6;0.5;;;intermed
1;7_1;37;72;35.5;;;;intermed
1;7_1;38;74;35.5;;;;intermed
1;7_1;39;76;35.5;;;;annuelle
1;7_1;40;78;35.0;4.0;;;annuelle
1;7_1;41;80;35.1;3.0;;;annuelle
1;7_1;42;82;35.0;2.0;;;annuelle
1;7_1;43;84;35.3;4.0;;;annuelle
1;7_1;44;86;35.3;;;;annuelle
1;7_1;45;88;35.0;3.5;;;annuelle
1;7_1;46;90;35.1;4.5;;;annuelle
1;7_1;47;92;35.1;2.0;;;annuelle
1;7_1;48;94;35.1;2.0;;;annuelle
1;7_1;49;96;34.8;3.0;;;annuelle
1;7_1;50;98;35.1;;;;annuelle
1;8_1;1;0;32.8;;5.5;;touffe
1;8_1;2;2;34.2;;20.0;;touffe
1;8_1;3;4;34.0;;12.0;;touffe
1;8_1;4;6;34.2;;12.0;;touffe
1;8_1;5;8;34.2;;13.0;;touffe
1;8_1;6;10;34.3;;11.5;;touffe
1;8_1;7;12;34.4;;21.0;;touffe
1;8_1;8;14;34.3;;21.5;;touffe
1;8_1;9;16;34.4;;19.0;;touffe
1;8_1;10;18;34.6;;24.0;;touffe
1;8_1;11;20;34.8;;12.5;;touffe
1;8_1;12;22;34.9;;18.0;;touffe
1;8_1;13;24;34.9;;18.0;;touffe
1;8_1;14;26;34.9;;8.0;;touffe
1;8_1;15;28;34.9;;10.5;;touffe
1;8_1;16;30;35.1;;;;intermed
1;8_1;17;32;34.9;;;;intermed
1;8_1;18;34;34.8;;;;intermed
1;8_1;19;36;34.8;;;;intermed
1;8_1;20;38;34.9;;;;intermed
1;8_1;21;40;34.9;1.0;;;intermed
1;8_1;22;42;34.7;;;;intermed
1;8_1;23;44;34.9;;;;intermed
1;8_1;24;46;34.8;0.5;;;intermed
1;8_1;25;48;34.8;;;;intermed
1;8_1;26;50;34.7;;;;intermed
1;8_1;27;52;34.6;;;;intermed
1;8_1;28;54;34.7;;;;intermed
1;8_1;29;56;34.6;;;;intermed
1;8_1;30;58;34.6;;;;intermed
1;8_1;31;60;34.8;;;;intermed
1;8_1;32;62;34.7;2.0;;;annuelle
1;8_1;33;64;34.9;;;;annuelle
1;8_1;34;66;34.9;;;;annuelle
1;8_1;35;68;34.8;;;;annuelle
1;8_1;36;70;34.7;;;;annuelle
1;8_1;37;72;34.8;0.5;;;annuelle
1;8_1;38;74;34.9;1.0;;;annuelle
1;8_1;39;76;34.9;;;;annuelle
1;8_1;40;78;34.8;;;;annuelle
1;8_1;41;80;34.8;2.5;;;annuelle
1;8_1;42;82;34.9;4.0;;;annuelle
1;8_1;43;84;34.6;3.0;;;annuelle
1;8_1;44;86;34.8;2.0;;;annuelle
1;8_1;45;88;34.9;3.0;;;annuelle
1;8_1;46;90;34.6;2.5;;;annuelle
1;8_1;47;92;34.8;;;;annuelle
1;8_1;48;94;34.8;2.0;;;annuelle
1;8_1;49;96;35.0;;;;annuelle
1;8_1;50;98;35.0;;;;annuelle
1;9_1;1;0;60.4;;;43.0;touffe
1;9_1;2;6;60.6;;;38.0;touffe
1;9_1;3;12;60.5;;;30.0;touffe
1;9_1;4;18;60.6;;;26.0;touffe
1;9_1;5;24;60.5;;;18.0;touffe
1;9_1;6;30;60.1;;;15.0;touffe
1;9_1;7;36;60.1;;;37.0;touffe
1;9_1;8;42;60.7;;;23.0;touffe
1;9_1;9;48;61.0;;;31.0;touffe
1;9_1;10;54;60.9;;;51.0;touffe
1;9_1;11;60;61.2;;;45.0;touffe
1;9_1;12;66;61.7;;;37.0;touffe
1;9_1;13;72;61.5;;;26.0;touffe
1;9_1;14;78;61.4;;;29.0;touffe
1;9_1;15;84;60.9;;;29.0;touffe
1;9_1;16;90;61.1;;;16.0;touffe
1;9_1;17;96;61.1;;;20.0;touffe
1;9_1;18;102;61.3;;;;touffe
1;9_1;19;108;61.7;;;;intermed
1;9_1;20;114;61.5;;;;intermed
1;9_1;21;120;61.8;;;;intermed
1;9_1;22;126;61.9;;;;intermed
1;9_1;23;132;61.9;;;;intermed
1;9_1;24;138;61.8;;;;intermed
1;9_1;25;144;61.7;;;;intermed
1;9_1;26;150;61.8;;;;intermed
1;9_1;27;156;61.6;;;;annuelle
1;9_1;28;162;61.7;0.1;;;annuelle
1;9_1;29;168;61.2;3.0;;;annuelle
1;9_1;30;174;61.7;5.0;;;annuelle
1;9_1;31;180;61.7;3.0;;;annuelle
1;9_1;32;186;61.6;;;;annuelle
1;9_1;33;192;61.7;2.0;;;annuelle
1;9_1;34;198;62.2;3.0;;;annuelle
1;9_1;35;204;61.9;;;;annuelle
1;9_1;36;210;62.0;2.0;;;annuelle
1;9_1;37;216;62.0;0.5;;;annuelle
1;9_1;38;222;62.0;4.0;;;annuelle
1;9_1;39;228;61.9;;;3.5;annuelle
1;9_1;40;234;61.7;;;2.5;annuelle
1;9_1;41;240;62.1;;;5.0;annuelle
1;9_1;42;246;62.5;0.5;;;annuelle
1;9_1;43;252;62.1;;;;annuelle
1;9_1;44;258;62.0;0.5;;;annuelle
1;9_1;45;264;62.2;4;;;annuelle
1;9_1;46;270;62.3;2;;;annuelle
1;9_1;47;276;61.9;0.5;;;annuelle
1;9_1;48;282;62.0;1;;;annuelle
1;9_1;49;288;62.1;2.5;;;annuelle
1;9_1;50;294;61.6;4;;;annuelle
1;10_1;1;0;60.0;;;27.0;touffe
1;10_1;2;4;59.9;;;28.0;touffe
1;10_1;3;8;60.6;;;27.5;touffe
1;10_1;4;12;60.5;;;12.0;touffe
1;10_1;5;16;60.4;;;14.0;touffe
1;10_1;6;20;60.4;;;15.0;touffe
1;10_1;7;24;61.0;;;22.0;touffe
1;10_1;8;28;60.4;;;28.0;touffe
1;10_1;9;32;60.4;;;36.5;touffe
1;10_1;10;36;60.6;;;34.0;touffe
1;10_1;11;40;61.4;;;26.0;touffe
1;10_1;12;44;60.5;;;28.0;touffe
1;10_1;13;48;60.8;;;13.0;touffe
1;10_1;14;52;60.5;;;17.0;touffe
1;10_1;15;56;60.7;;;6.0;touffe
1;10_1;16;60;60.7;2;;6.0;touffe
1;10_1;17;64;60.8;;;9.0;intermed
1;10_1;18;68;60.9;;;12.5;intermed
1;10_1;19;72;61.3;;;;intermed
1;10_1;20;76;60.9;;;;intermed
1;10_1;21;80;60.9;;;;intermed
1;10_1;22;84;60.5;1.5;;;intermed
1;10_1;23;88;60.6;;;;intermed
1;10_1;24;92;60.8;;;;intermed
1;10_1;25;96;60.9;;;;intermed
1;10_1;26;100;61.1;;;;intermed
1;10_1;27;104;61.1;;;;intermed
1;10_1;28;108;60.8;;;;intermed
1;10_1;29;112;60.9;;;;intermed
1;10_1;30;116;60.9;0.5;;;intermed
1;10_1;31;120;60.8;;;;intermed
1;10_1;32;124;60.8;1;;;intermed
1;10_1;33;128;60.9;;;;intermed
1;10_1;34;132;61.1;;;;intermed
1;10_1;35;136;60.8;1;;;intermed
1;10_1;36;140;60.9;;;;intermed
1;10_1;37;144;60.8;;;;intermed
1;10_1;38;148;61.1;;;;intermed
1;10_1;39;152;61.2;;;;intermed
1;10_1;40;156;60.9;;;;intermed
1;10_1;41;160;60.8;;;;intermed
1;10_1;42;164;60.8;;;;annuelle
1;10_1;43;168;60.6;;;;annuelle
1;10_1;44;172;60.4;2.5;;;annuelle
1;10_1;45;176;60.7;2;;;annuelle
1;10_1;46;180;60.7;3;;;annuelle
1;10_1;47;184;61.0;3.5;;;annuelle
1;10_1;48;188;61.1;;;;annuelle
1;10_1;49;192;61.0;4;;;annuelle
1;10_1;50;196;61.2;5;;;annuelle
2;1_2;1;0;43.8;;11;;touffe
2;1_2;2;2;43.8;;12;;touffe
2;1_2;3;4;43.5;;9;;touffe
2;1_2;4;6;43.8;;11;;touffe
2;1_2;5;8;44.4;;18;;touffe
2;1_2;6;10;44.2;;9;;touffe
2;1_2;7;12;44.5;;19;;touffe
2;1_2;8;14;44.1;;22;;touffe
2;1_2;9;16;43.9;;23;;touffe
2;1_2;10;18;46.9;;16;;touffe
2;1_2;11;20;44.1;;8.5;;touffe
2;1_2;12;22;44.3;;;;intermed
2;1_2;13;24;44.0;0.5;;;intermed
2;1_2;14;26;44.2;0.5;;;intermed
2;1_2;15;28;44.0;3.5;;;intermed
2;1_2;16;30;43.8;;;;intermed
2;1_2;17;32;43.3;0.5;;;intermed
2;1_2;18;34;44.0;1.5;;;intermed
2;1_2;19;36;44.1;2;;;intermed
2;1_2;20;38;44.3;;;;intermed
2;1_2;21;40;43.4;;;;intermed
2;1_2;22;42;43.2;;;;intermed
2;1_2;23;44;44.8;5;;;intermed
2;1_2;24;46;44.7;;;;intermed
2;1_2;25;48;44.4;;;;intermed
2;1_2;26;50;43.9;;;;intermed
2;1_2;27;52;44.4;;;;intermed
2;1_2;28;54;44.2;;;;intermed
2;1_2;29;56;43.5;;;;intermed
2;1_2;30;58;43.8;3.5;;;intermed
2;1_2;31;60;44.0;;;;intermed
2;1_2;32;62;43.6;;;;intermed
2;1_2;33;64;43.8;5.5;;;intermed
2;1_2;34;66;43.5;4;;;annuelle
2;1_2;35;68;43.4;4.5;;;annuelle
2;1_2;36;70;44.0;2.5;;;annuelle
2;1_2;37;72;44.0;3;;;annuelle
2;1_2;38;74;44.3;4;;;annuelle
2;1_2;39;76;43.5;4;;;annuelle
2;1_2;40;78;43.4;4;;;annuelle
2;1_2;41;80;43.2;5;;;annuelle
2;1_2;42;82;43.6;4;;;annuelle
2;1_2;43;84;43.9;1;6;;annuelle
2;1_2;44;86;44.0;2;;;annuelle
2;1_2;45;88;43.5;;;;annuelle
2;1_2;46;90;43.4;2;;;annuelle
2;1_2;47;92;43.7;2.5;;;annuelle
2;1_2;48;94;43.6;;;;annuelle
2;1_2;49;96;43.3;3.5;;;annuelle
2;1_2;50;98;43.6;;;;annuelle
2;2_2;1;0;33.8;;;11.0;touffe
2;2_2;2;2;33.9;;;23.0;touffe
2;2_2;3;4;33.8;;;16.0;touffe
2;2_2;4;6;34.2;;;12.0;touffe
2;2_2;5;8;34.4;;;12.0;touffe
2;2_2;6;10;34.1;;;12.0;touffe
2;2_2;7;12;34.5;;;21.0;touffe
2;2_2;8;14;34.4;;;19.0;touffe
2;2_2;9;16;34.3;;;20.0;touffe
2;2_2;10;18;34.4;1.5;;;touffe
2;2_2;11;20;34.0;4;;;touffe
2;2_2;12;22;34.3;;;7.0;touffe
2;2_2;13;24;34.8;;;7.0;touffe
2;2_2;14;26;34.2;;;;touffe
2;2_2;15;28;34.4;;;6.0;touffe
2;2_2;16;30;34.7;;;4.5;touffe
2;2_2;17;32;34.6;;;6.0;touffe
2;2_2;18;34;34.8;;;6.0;touffe
2;2_2;19;36;34.5;;;5.0;intermed
2;2_2;20;38;35.3;0.5;;;intermed
2;2_2;21;40;34.7;;;;intermed
2;2_2;22;42;34.8;;;;intermed
2;2_2;23;44;34.8;;;;intermed
2;2_2;24;46;35.2;3;;;intermed
2;2_2;25;48;35.0;4;;;intermed
2;2_2;26;50;35.0;4;;;intermed
2;2_2;27;52;34.9;;;;intermed
2;2_2;28;54;34.9;4;;;intermed
2;2_2;29;56;35.1;;;;intermed
2;2_2;30;58;34.8;;;;intermed
2;2_2;31;60;35.2;;;;intermed
2;2_2;32;62;35.1;;;;intermed
2;2_2;33;64;35.1;;;;intermed
2;2_2;34;66;34.8;;;;intermed
2;2_2;35;68;35.3;3;;;intermed
2;2_2;36;70;36.6;;;;intermed
2;2_2;37;72;36.8;2.5;;;intermed
2;2_2;38;74;36.5;;;;intermed
2;2_2;39;76;34.1;4;;;intermed
2;2_2;40;78;34.4;2.5;;;intermed
2;2_2;41;80;34.4;6.5;;;annuelle
2;2_2;42;82;34.1;3;;;annuelle
2;2_2;43;84;36.3;2;;;annuelle
2;2_2;44;86;36.1;6;;;annuelle
2;2_2;45;88;35.7;5;;;annuelle
2;2_2;46;90;35.6;6;;;annuelle
2;2_2;47;92;34.9;5;;;annuelle
2;2_2;48;94;35.0;4;;;annuelle
2;2_2;49;96;34.8;5;;;annuelle
2;2_2;50;98;34.9;7;;;annuelle
2;3_2;1;0;71.6;;49.5;;touffe
2;3_2;2;4;72.7;;60.0;;touffe
2;3_2;3;8;74.0;;64.0;;touffe
2;3_2;4;12;74.2;;62.0;;touffe
2;3_2;5;16;74.6;;58.0;;touffe
2;3_2;6;20;74.7;;48.0;;touffe
2;3_2;7;24;74.7;;48.0;;touffe
2;3_2;8;28;74.7;;47.0;;touffe
2;3_2;9;32;74.7;;42.0;;touffe
2;3_2;10;36;75.1;;37.0;;touffe
2;3_2;11;40;74.7;;35.0;;touffe
2;3_2;12;44;74.7;;40.0;;touffe
2;3_2;13;48;74.7;;33.0;;touffe
2;3_2;14;52;74.7;;21.0;;touffe
2;3_2;15;56;74.7;;20.0;;touffe
2;3_2;16;60;74.7;;21.0;;touffe
2;3_2;17;64;74.8;;7.0;;touffe
2;3_2;18;68;75.0;1;17.0;;touffe
2;3_2;19;72;74.9;2;21.0;;intermed
2;3_2;20;76;74.8;;;;intermed
2;3_2;21;80;74.8;;;;intermed
2;3_2;22;84;74.6;3.5;;;intermed
2;3_2;23;88;74.8;4;4;;intermed
2;3_2;24;92;74.9;2;;;intermed
2;3_2;25;96;75.0;;4;;intermed
2;3_2;26;100;75.0;1;;;intermed
2;3_2;27;104;74.9;;;;intermed
2;3_2;28;108;75.0;2;;;intermed
2;3_2;29;112;74.8;;2;;intermed
2;3_2;30;116;74.9;0.5;;;intermed
2;3_2;31;120;75.1;;;;intermed
2;3_2;32;124;74.6;2;;;intermed
2;3_2;33;128;74.9;;2;;intermed
2;3_2;34;132;75.0;2;;;annuelle
2;3_2;35;136;74.9;4;;;annuelle
2;3_2;36;140;74.6;2;;;annuelle
2;3_2;37;144;74.9;;;;annuelle
2;3_2;38;148;75.0;3;;;annuelle
2;3_2;39;152;74.8;;;;annuelle
2;3_2;40;156;75.2;3;;;annuelle
2;3_2;41;160;74.9;0.5;;;annuelle
2;3_2;42;164;74.8;2;;;annuelle
2;3_2;43;168;75.0;;4;;annuelle
2;3_2;44;172;74.5;;;;annuelle
2;3_2;45;176;74.6;2.5;;;annuelle
2;3_2;46;180;74.4;;;;annuelle
2;3_2;47;184;75.1;3;;;annuelle
2;3_2;48;188;75.0;;;;annuelle
2;3_2;49;192;75.1;5;;;annuelle
2;3_2;50;196;75.0;4;;;annuelle
2;4_2;1;0;42.7;;;5.0;touffe
2;4_2;2;4;42.9;;;16.0;touffe
2;4_2;3;8;43.0;;;9.0;touffe
2;4_2;4;12;42.8;;;10.0;touffe
2;4_2;5;16;43.0;;;22.0;touffe
2;4_2;6;20;42.9;;;24.0;touffe
2;4_2;7;24;43.0;;;11.0;touffe
2;4_2;8;28;43.0;;;7.0;touffe
2;4_2;9;32;43.1;;;8.0;touffe
2;4_2;10;36;43.0;;;10.0;touffe
2;4_2;11;40;43.1;;;10.0;touffe
2;4_2;12;44;43.1;1;;11.0;intermed
2;4_2;13;48;43.3;;;;intermed
2;4_2;14;52;43.2;1;;;intermed
2;4_2;15;56;43.0;4;;;intermed
2;4_2;16;60;43.1;3;;;intermed
2;4_2;17;64;43.1;2;;;intermed
2;4_2;18;68;43.0;;;;intermed
2;4_2;19;72;43.1;1;;;intermed
2;4_2;20;76;43.2;4;;;intermed
2;4_2;21;80;43.2;;;;intermed
2;4_2;22;84;43.2;2;;7.0;intermed
2;4_2;23;88;43.2;5;;;intermed
2;4_2;24;92;42.8;;;;intermed
2;4_2;25;96;42.9;;;;intermed
2;4_2;26;100;43.1;;;;intermed
2;4_2;27;104;43.2;;;;intermed
2;4_2;28;108;43.0;3;;;intermed
2;4_2;29;112;43.8;;;;annuelle
2;4_2;30;116;43.3;;;;annuelle
2;4_2;31;120;42.5;;;;annuelle
2;4_2;32;124;43.0;4;;;annuelle
2;4_2;33;128;43.1;3;;;annuelle
2;4_2;34;132;43.1;4;;;annuelle
2;4_2;35;136;43.3;3;;;annuelle
2;4_2;36;140;42.7;2;;;annuelle
2;4_2;37;144;43.3;5;;;annuelle
2;4_2;38;148;43.1;2;;;annuelle
2;4_2;39;152;43.3;5.5;;;annuelle
2;4_2;40;156;43.1;7;;;annuelle
2;4_2;41;160;43.2;;;;annuelle
2;4_2;42;164;43.3;8;;;annuelle
2;4_2;43;168;43.8;;;;annuelle
2;4_2;44;172;43.5;2;;;annuelle
2;4_2;45;176;43.5;;;;annuelle
2;4_2;46;180;43.3;2;;;annuelle
2;4_2;47;184;43.0;5;;;annuelle
2;4_2;48;188;43.0;6;;;annuelle
2;4_2;49;192;43.1;4;;;annuelle
2;4_2;50;196;43.1;5;;;annuelle
2;5_2;1;0;36.4;;34;;touffe
2;5_2;2;4;47.0;;37;;touffe
2;5_2;3;8;47.3;;44;;touffe
2;5_2;4;12;47.2;;42;;touffe
2;5_2;5;16;47.5;;31;;touffe
2;5_2;6;20;47.5;;32;;touffe
2;5_2;7;24;47.5;;21;;touffe
2;5_2;8;28;47.5;;20;;touffe
2;5_2;9;32;47.2;;23;;touffe
2;5_2;10;36;47.5;;18;;touffe
2;5_2;11;40;47.5;;12;;touffe
2;5_2;12;44;47.2;;;;intermed
2;5_2;13;48;48.1;3;;;intermed
2;5_2;14;52;47.5;;;;intermed
2;5_2;15;56;48.2;3;;;intermed
2;5_2;16;60;47.2;;;;intermed
2;5_2;17;64;47.5;6;;;intermed
2;5_2;18;68;47.5;0.5;;;intermed
2;5_2;19;72;47.1;2;;;annuelle
2;5_2;20;76;48.0;;;;annuelle
2;5_2;21;80;47.8;0.5;;;annuelle
2;5_2;22;84;45.7;4;;;annuelle
2;5_2;23;88;48.5;2;;;annuelle
2;5_2;24;92;47.3;;;;annuelle
2;5_2;25;96;47.9;2;;;annuelle
2;5_2;26;100;47.1;;;;annuelle
2;5_2;27;104;47.0;;;;annuelle
2;5_2;28;108;47.3;3;;;annuelle
2;5_2;29;112;47.5;2;;;annuelle
2;5_2;30;116;47.4;6;;;annuelle
2;5_2;31;120;48.0;3;;;annuelle
2;5_2;32;124;47.1;6;;;annuelle
2;5_2;33;128;48.0;4;;;annuelle
2;5_2;34;132;47.6;5;;;annuelle
2;5_2;35;136;47.5;4;;;annuelle
2;5_2;36;140;47.5;5;;;annuelle
2;5_2;37;144;47.9;;;;annuelle
2;5_2;38;148;48.6;5;;;annuelle
2;5_2;39;152;47.2;5.5;;;annuelle
2;5_2;40;156;47.0;2.5;;;annuelle
2;5_2;41;160;47.5;;;;annuelle
2;5_2;42;164;47.5;3;;;annuelle
2;5_2;43;168;48.4;;;;annuelle
2;5_2;44;172;47.7;3;;;annuelle
2;5_2;45;176;47.7;4;;;annuelle
2;5_2;46;180;47.6;4;;;annuelle
2;5_2;47;184;48.2;;;;annuelle
2;5_2;48;188;47.6;5;;;annuelle
2;5_2;49;192;47.3;;;;annuelle
2;5_2;50;196;47.5;;;;annuelle
2;6_2;1;0;43.4;;;10.0;touffe
2;6_2;2;2;43.4;;;10.0;touffe
2;6_2;3;4;43.7;;;25.0;touffe
2;6_2;4;6;43.6;;;25.0;touffe
2;6_2;5;8;42.9;;;25.0;touffe
2;6_2;6;10;42.5;;;11.0;touffe
2;6_2;7;12;43.3;;;10.0;touffe
2;6_2;8;14;43.4;;;8.0;touffe
2;6_2;9;16;43.4;;;9.0;touffe
2;6_2;10;18;43.4;;;10.0;touffe
2;6_2;11;20;43.4;;;11.0;touffe
2;6_2;12;22;43.3;;;8.0;touffe
2;6_2;13;24;43.2;;;11.0;touffe
2;6_2;14;26;43.2;;;15.0;touffe
2;6_2;15;28;43.1;;;16.0;touffe
2;6_2;16;30;44.2;;;9.0;touffe
2;6_2;17;32;43.5;;;10.0;intermed
2;6_2;18;34;43.2;;;12.0;intermed
2;6_2;19;36;43.5;;;;intermed
2;6_2;20;38;43.3;;;;intermed
2;6_2;21;40;43.5;;;;intermed
2;6_2;22;42;43.5;;;;intermed
2;6_2;23;44;42.6;;;;intermed
2;6_2;24;46;42.6;3.5;;;intermed
2;6_2;25;48;43.0;3;;;intermed
2;6_2;26;50;42.7;0.5;;;intermed
2;6_2;27;52;43.6;6;;;intermed
2;6_2;28;54;43.0;3;;;intermed
2;6_2;29;56;43.4;5;;;annuelle
2;6_2;30;58;43.3;;;;annuelle
2;6_2;31;60;43.2;3;;;annuelle
2;6_2;32;62;43.4;4;;;annuelle
2;6_2;33;64;43.2;2;;;annuelle
2;6_2;34;66;43.2;2;;;annuelle
2;6_2;35;68;43.2;3;;;annuelle
2;6_2;36;70;43.3;;;;annuelle
2;6_2;37;72;43.7;;;;annuelle
2;6_2;38;74;43.7;4;;;annuelle
2;6_2;39;76;43.6;3;;;annuelle
2;6_2;40;78;43.2;4;;;annuelle
2;6_2;41;80;43.1;5;;;annuelle
2;6_2;42;82;43.1;5;;;annuelle
2;6_2;43;84;43.3;5;;;annuelle
2;6_2;44;86;43.0;4;;;annuelle
2;6_2;45;88;42.9;5.5;;;annuelle
2;6_2;46;90;43.2;4;;;annuelle
2;6_2;47;92;43.2;2;;;annuelle
2;6_2;48;94;43.4;;;;annuelle
2;6_2;49;96;43.4;3;;;annuelle
2;6_2;50;98;43.1;7;;;annuelle
2;7_2;1;0;46.5;;38;;touffe
2;7_2;2;2;46.6;;39;;touffe
2;7_2;3;4;46.5;;37;;touffe
2;7_2;4;6;46.8;;36;;touffe
2;7_2;5;8;47.1;;35;;touffe
2;7_2;6;10;46.8;;30;;touffe
2;7_2;7;12;46.8;;35;;touffe
2;7_2;8;14;46.9;;28;;touffe
2;7_2;9;16;46.7;;32;;touffe
2;7_2;10;18;46.4;;37;;touffe
2;7_2;11;20;46.5;;18;;touffe
2;7_2;12;22;46.5;;12;;touffe
2;7_2;13;24;46.6;;17;;touffe
2;7_2;14;26;47.2;;20;;intermed
2;7_2;15;28;47.0;;11;;intermed
2;7_2;16;30;46.9;;;;intermed
2;7_2;17;32;47.0;;;;intermed
2;7_2;18;34;46.0;;;;intermed
2;7_2;19;36;46.3;;;;intermed
2;7_2;20;38;46.4;;;;intermed
2;7_2;21;40;46.7;;;;intermed
2;7_2;22;42;46.6;;;;intermed
2;7_2;23;44;46.4;;;;intermed
2;7_2;24;46;46.2;;;;intermed
2;7_2;25;48;46.2;2;;;intermed
2;7_2;26;50;46.3;;;;intermed
2;7_2;27;52;46.6;;;;intermed
2;7_2;28;54;46.2;;;;intermed
2;7_2;29;56;46.2;3;;;annuelle
2;7_2;30;58;46.0;;;;annuelle
2;7_2;31;60;47.0;;;;annuelle
2;7_2;32;62;46.7;;;;annuelle
2;7_2;33;64;46.4;;3;;annuelle
2;7_2;34;66;46.7;;4;;annuelle
2;7_2;35;68;46.4;;;;annuelle
2;7_2;36;70;46.3;;;;annuelle
2;7_2;37;72;46.5;;;;annuelle
2;7_2;38;74;46.2;;;;annuelle
2;7_2;39;76;45.6;3;;;annuelle
2;7_2;40;78;45.7;;3;;annuelle
2;7_2;41;80;45.8;3;;;annuelle
2;7_2;42;82;46.1;4;;;annuelle
2;7_2;43;84;46.2;3;;;annuelle
2;7_2;44;86;46.2;;;;annuelle
2;7_2;45;88;46.6;;;;annuelle
2;7_2;46;90;46.4;6;;;annuelle
2;7_2;47;92;46.5;;;;annuelle
2;7_2;48;94;46.4;3;;;annuelle
2;7_2;49;96;46.5;8;;;annuelle
2;7_2;50;98;46.5;2;;;annuelle
2;8_2;1;0;50.3;;;28.0;touffe
2;8_2;2;4;50.6;;;24.0;touffe
2;8_2;3;8;51.0;;;25.0;touffe
2;8_2;4;12;50.8;;;24.0;touffe
2;8_2;5;16;51.2;;;11.0;touffe
2;8_2;6;20;50.9;;;20.0;touffe
2;8_2;7;24;50.8;;;22.0;touffe
2;8_2;8;28;51.0;;;24.0;touffe
2;8_2;9;32;49.2;;;28.0;touffe
2;8_2;10;36;50.4;;;9.0;touffe
2;8_2;11;40;50.5;;;12.0;touffe
2;8_2;12;44;50.3;;;10.0;touffe
2;8_2;13;48;50.2;;;14.0;touffe
2;8_2;14;52;50.4;2;;;touffe
2;8_2;15;56;50.7;3;;;intermed
2;8_2;16;60;50.6;;;;intermed
2;8_2;17;64;50.5;;;;intermed
2;8_2;18;68;50.7;4;;;intermed
2;8_2;19;72;50.7;2;;;intermed
2;8_2;20;76;50.8;2;;;intermed
2;8_2;21;80;50.6;;;;intermed
2;8_2;22;84;50.5;;;;intermed
2;8_2;23;88;50.5;;;;intermed
2;8_2;24;92;50.3;;;;intermed
2;8_2;25;96;50.8;;;;intermed
2;8_2;26;100;50.4;;;;intermed
2;8_2;27;104;50.5;;;;intermed
2;8_2;28;108;50.4;;;;intermed
2;8_2;29;112;50.4;3;;;annuelle
2;8_2;30;116;50.3;3;;2.0;annuelle
2;8_2;31;120;50.2;4;8;;annuelle
2;8_2;32;124;49.8;3;;;annuelle
2;8_2;33;128;50.4;;;;annuelle
2;8_2;34;132;50.3;4;;;annuelle
2;8_2;35;136;50.2;3;;;annuelle
2;8_2;36;140;50.2;3;3;;annuelle
2;8_2;37;144;50.1;4;;;annuelle
2;8_2;38;148;50.2;2;;;annuelle
2;8_2;39;152;50.1;;;;annuelle
2;8_2;40;156;50.0;3;;;annuelle
2;8_2;41;160;49.7;3;;;annuelle
2;8_2;42;164;49.7;2;;;annuelle
2;8_2;43;168;49.7;1;;;annuelle
2;8_2;44;172;49.8;2;;;annuelle
2;8_2;45;176;49.4;3;;;annuelle
2;8_2;46;180;49.4;;;;annuelle
2;8_2;47;184;49.8;;;;annuelle
2;8_2;48;188;49.8;;;;annuelle
2;8_2;49;192;49.8;6;;;annuelle
2;8_2;50;196;49.7;6;;;annuelle
2;9_2;1;0;32.0;;;11.0;touffe
2;9_2;2;2;31.6;;;8.0;touffe
2;9_2;3;4;31.3;;;10.0;touffe
2;9_2;4;6;31.1;;;12.0;touffe
2;9_2;5;8;31.7;;;9.0;touffe
2;9_2;6;10;32.1;;;8.0;touffe
2;9_2;7;12;31.9;;;7.0;touffe
2;9_2;8;14;32.0;;;13.0;touffe
2;9_2;9;16;32.6;;;7.0;touffe
2;9_2;10;18;32.3;;;7.0;touffe
2;9_2;11;20;32.3;;;6.0;touffe
2;9_2;12;22;32.5;;;5.0;touffe
2;9_2;13;24;31.8;;;;intermed
2;9_2;14;26;31.5;;;;intermed
2;9_2;15;28;31.7;4;;;intermed
2;9_2;16;30;32.0;;;;intermed
2;9_2;17;32;32.5;;;;intermed
2;9_2;18;34;31.5;;;;intermed
2;9_2;19;36;31.9;;;;intermed
2;9_2;20;38;31.9;;;;intermed
2;9_2;21;40;31.8;;;;intermed
2;9_2;22;42;32.5;;;;intermed
2;9_2;23;44;31.4;;;;intermed
2;9_2;24;46;31.1;;;;intermed
2;9_2;25;48;31.6;3;;;intermed
2;9_2;26;50;32.3;4;;;intermed
2;9_2;27;52;31.7;3;;;annuelle
2;9_2;28;54;31.3;4;;;annuelle
2;9_2;29;56;31.2;3;;;annuelle
2;9_2;30;58;31.5;4;;;annuelle
2;9_2;31;60;32.2;3.5;;;annuelle
2;9_2;32;62;31.7;5;;;annuelle
2;9_2;33;64;31.3;3;;;annuelle
2;9_2;34;66;32.0;3;;;annuelle
2;9_2;35;68;31.3;4;;;annuelle
2;9_2;36;70;32.2;8;;;annuelle
2;9_2;37;72;32.4;2;;;annuelle
2;9_2;38;74;31.5;6;;;annuelle
2;9_2;39;76;32.0;6;;;annuelle
2;9_2;40;78;32.4;5;;;annuelle
2;9_2;41;80;32.3;1;;;annuelle
2;9_2;42;82;31.4;;;;annuelle
2;9_2;43;84;31.5;2;;;annuelle
2;9_2;44;86;31.4;;;;annuelle
2;9_2;45;88;31.5;4;;;annuelle
2;9_2;46;90;31.6;3;;;annuelle
2;9_2;47;92;31.7;4;;;annuelle
2;9_2;48;94;31.8;4;;;annuelle
2;9_2;49;96;31.4;3;;;annuelle
2;9_2;50;98;31.7;2;;;annuelle
2;10_2;1;0;44.2;;20;;touffe
2;10_2;2;4;44.4;;39;;touffe
2;10_2;3;8;44.2;;26.5;;touffe
2;10_2;4;12;43.9;;26;;touffe
2;10_2;5;16;44.0;;31;;touffe
2;10_2;6;20;43.6;;25;;touffe
2;10_2;7;24;44.3;;29;;touffe
2;10_2;8;28;44.1;;22;;touffe
2;10_2;9;32;44.0;;20;;touffe
2;10_2;10;36;44.0;;12;;touffe
2;10_2;11;40;44.1;;10;;touffe
2;10_2;12;44;44.2;;19;;touffe
2;10_2;13;48;44.0;;17;;touffe
2;10_2;14;52;43.8;3;11;;intermed
2;10_2;15;56;43.9;;;;intermed
2;10_2;16;60;43.2;;;;intermed
2;10_2;17;64;44.3;;;;intermed
2;10_2;18;68;44.8;;;;intermed
2;10_2;19;72;43.6;;;;intermed
2;10_2;20;76;43.9;;;;intermed
2;10_2;21;80;43.1;2;;;intermed
2;10_2;22;84;43.6;;;;intermed
2;10_2;23;88;44.4;;;;intermed
2;10_2;24;92;43.4;;;;intermed
2;10_2;25;96;43.9;5.5;;;intermed
2;10_2;26;100;43.6;5;;;intermed
2;10_2;27;104;43.4;5;;;intermed
2;10_2;28;108;42.9;5;;;intermed
2;10_2;29;112;43.3;5;;;annuelle
2;10_2;30;116;43.3;;;;annuelle
2;10_2;31;120;43.1;7.5;;;annuelle
2;10_2;32;124;42.7;2;;;annuelle
2;10_2;33;128;44.2;;;;annuelle
2;10_2;34;132;42.8;;;;annuelle
2;10_2;35;136;43.2;7.5;;;annuelle
2;10_2;36;140;43.7;9.5;;;annuelle
2;10_2;37;144;43.1;;;;annuelle
2;10_2;38;148;42.9;7.5;;;annuelle
2;10_2;39;152;43.4;9;;;annuelle
2;10_2;40;156;43.1;7;;;annuelle
2;10_2;41;160;42.8;8;;;annuelle
2;10_2;42;164;47.2;5;;;annuelle
2;10_2;43;168;42.6;6;;;annuelle
2;10_2;44;172;42.9;10;;;annuelle
2;10_2;45;176;42.9;8;;;annuelle
2;10_2;46;180;43.2;5;;;annuelle
2;10_2;47;184;43.2;6;;;annuelle
2;10_2;48;188;42.6;6;;;annuelle
2;10_2;49;192;42.7;5;;;annuelle
2;10_2;50;196;42.8;5;;;annuelle
3;1_3;1;0;43.7;;;34.0;touffe
3;1_3;2;4;44.2;;;35.0;touffe
3;1_3;3;8;45.7;;;37.0;touffe
3;1_3;4;12;44.2;;;23.0;touffe
3;1_3;5;16;44.9;;;28.0;touffe
3;1_3;6;20;44.7;;;35.5;touffe
3;1_3;7;24;45.0;;;29.0;touffe
3;1_3;8;28;45.4;;;34.0;touffe
3;1_3;9;32;44.5;;;29.0;touffe
3;1_3;10;36;44.7;;;23.0;touffe
3;1_3;11;40;44.7;;;22.0;touffe
3;1_3;12;44;45.0;;;24.0;touffe
3;1_3;13;48;45.0;;;22.0;touffe
3;1_3;14;52;44.8;;;12.0;touffe
3;1_3;15;56;45.2;;;10.0;touffe
3;1_3;16;60;45.1;;;8.0;touffe
3;1_3;17;64;45.0;;;;intermed
3;1_3;18;68;45.1;;;;intermed
3;1_3;19;72;45.0;;;;intermed
3;1_3;20;76;45.0;;;;intermed
3;1_3;21;80;44.9;;;;intermed
3;1_3;22;84;44.6;;;;intermed
3;1_3;23;88;44.6;;;;intermed
3;1_3;24;92;44.7;;;;intermed
3;1_3;25;96;44.7;;;;intermed
3;1_3;26;100;44.7;;;;intermed
3;1_3;27;104;44.8;;;;intermed
3;1_3;28;108;45.0;;;;intermed
3;1_3;29;112;45.2;;;;intermed
3;1_3;30;116;45.1;;;;intermed
3;1_3;31;120;45.0;;;;intermed
3;1_3;32;124;45.0;;;;intermed
3;1_3;33;128;45.0;;;;intermed
3;1_3;34;132;45.0;;;;intermed
3;1_3;35;136;45.0;;;;intermed
3;1_3;36;140;45.0;;;;intermed
3;1_3;37;144;44.7;;;;intermed
3;1_3;38;148;44.8;;;;intermed
3;1_3;39;152;45.1;2;;;intermed
3;1_3;40;156;45.7;2;;;intermed
3;1_3;41;160;45.0;;;;intermed
3;1_3;42;164;44.9;;;;intermed
3;1_3;43;168;45.0;3;;;intermed
3;1_3;44;172;44.9;3;;;annuelle
3;1_3;45;176;44.9;4;;;annuelle
3;1_3;46;180;45.0;5;;;annuelle
3;1_3;47;184;45.1;2;;;annuelle
3;1_3;48;188;45.0;5;;;annuelle
3;1_3;49;192;45.0;5;;;annuelle
3;1_3;50;196;45.0;2;;;annuelle
3;2_3;1;0;46.9;;;38.0;touffe
3;2_3;2;4;46.6;;;24.0;touffe
3;2_3;3;8;46.6;;;27.0;touffe
3;2_3;4;12;46.7;;;21.0;touffe
3;2_3;5;16;46.9;;;23.0;touffe
3;2_3;6;20;46.9;;;27.0;touffe
3;2_3;7;24;47.0;;;14.0;touffe
3;2_3;8;28;47.0;;;22.0;touffe
3;2_3;9;32;46.9;;;14.0;touffe
3;2_3;10;36;46.9;;;11.0;touffe
3;2_3;11;40;47.0;;;19.0;touffe
3;2_3;12;44;47.2;;;12.0;touffe
3;2_3;13;48;47.0;;;7.0;touffe
3;2_3;14;52;47.2;;;;intermed
3;2_3;15;56;47.2;;;;intermed
3;2_3;16;60;47.1;;;;intermed
3;2_3;17;64;47.2;;;;intermed
3;2_3;18;68;46.7;;;;intermed
3;2_3;19;72;46.8;4.5;;;intermed
3;2_3;20;76;46.6;;;;intermed
3;2_3;21;80;47.0;;;;intermed
3;2_3;22;84;47.0;6.5;;;intermed
3;2_3;23;88;47.3;;;;intermed
3;2_3;24;92;46.2;9;;;annuelle
3;2_3;25;96;46.8;4.5;;;annuelle
3;2_3;26;100;46.6;8;;;annuelle
3;2_3;27;104;46.5;8;;;annuelle
3;2_3;28;108;46.9;8;;;annuelle
3;2_3;29;112;46.9;7;;;annuelle
3;2_3;30;116;47.1;6;;;annuelle
3;2_3;31;120;46.4;9;;;annuelle
3;2_3;32;124;46.7;10;;;annuelle
3;2_3;33;128;46.8;7;;;annuelle
3;2_3;34;132;47.7;6;;;annuelle
3;2_3;35;136;47.3;4;;;annuelle
3;2_3;36;140;46.9;7;;;annuelle
3;2_3;37;144;47.3;8;;;annuelle
3;2_3;38;148;47.2;7;;;annuelle
3;2_3;39;152;47.0;11;;;annuelle
3;2_3;40;156;47.7;5;;;annuelle
3;2_3;41;160;47.7;6;;;annuelle
3;2_3;42;164;47.5;6;;;annuelle
3;2_3;43;168;48.0;8;;;annuelle
3;2_3;44;172;47.9;5;;;annuelle
3;2_3;45;176;47.6;5;;;annuelle
3;2_3;46;180;47.4;8;;;annuelle
3;2_3;47;184;47.4;9;;;annuelle
3;2_3;48;188;47.2;10;;;annuelle
3;2_3;49;192;47.5;4;;;annuelle
3;2_3;50;196;47.4;4;;;annuelle
3;3_3;1;0;33.2;;21;;touffe
3;3_3;2;2;32.6;;25;;touffe
3;3_3;3;4;33.4;;25.5;;touffe
3;3_3;4;6;33.1;;23;;touffe
3;3_3;5;8;33.3;;11;;touffe
3;3_3;6;10;33.4;;18;;touffe
3;3_3;7;12;33.2;;13.5;;touffe
3;3_3;8;14;33.3;;12;;touffe
3;3_3;9;16;33.3;;6;;touffe
3;3_3;10;18;33.4;;;;touffe
3;3_3;11;20;33.5;;;;intermed
3;3_3;12;22;33.6;;;;intermed
3;3_3;13;24;33.6;;;;intermed
3;3_3;14;26;33.5;;;;intermed
3;3_3;15;28;33.6;;;;intermed
3;3_3;16;30;33.7;;;;intermed
3;3_3;17;32;33.8;;;;intermed
3;3_3;18;34;33.7;3;;;intermed
3;3_3;19;36;33.9;;;;intermed
3;3_3;20;38;33.8;;;;intermed
3;3_3;21;40;33.8;;;;intermed
3;3_3;22;42;33.8;;;;intermed
3;3_3;23;44;33.6;2;;;intermed
3;3_3;24;46;33.3;3;;;annuelle
3;3_3;25;48;33.3;;;;annuelle
3;3_3;26;50;33.4;;;;annuelle
3;3_3;27;52;33.6;;;;annuelle
3;3_3;28;54;33.6;3;;;annuelle
3;3_3;29;56;33.7;6.5;;;annuelle
3;3_3;30;58;33.7;5;;;annuelle
3;3_3;31;60;33.8;5.5;;;annuelle
3;3_3;32;62;33.8;;;;annuelle
3;3_3;33;64;33.8;;;;annuelle
3;3_3;34;66;33.7;2;;;annuelle
3;3_3;35;68;33.6;2;;;annuelle
3;3_3;36;70;33.6;6;;;annuelle
3;3_3;37;72;33.6;;;;annuelle
3;3_3;38;74;33.5;;;;annuelle
3;3_3;39;76;33.6;4;;;annuelle
3;3_3;40;78;33.5;5.5;;;annuelle
3;3_3;41;80;33.8;1;;;annuelle
3;3_3;42;82;33.8;;;;annuelle
3;3_3;43;84;33.7;;;;annuelle
3;3_3;44;86;33.4;;;;annuelle
3;3_3;45;88;33.3;8.5;;;annuelle
3;3_3;46;90;33.3;;;;annuelle
3;3_3;47;92;33.4;;;;annuelle
3;3_3;48;94;33.8;4.5;;;annuelle
3;3_3;49;96;33.7;4;;;annuelle
3;3_3;50;98;33.8;;;;annuelle
3;4_3;1;0;46.3;;35;;touffe
3;4_3;2;2;46.7;;35;;touffe
3;4_3;3;4;46.7;;36;;touffe
3;4_3;4;6;46.2;;30;;touffe
3;4_3;5;8;46.3;;40;;touffe
3;4_3;6;10;47.2;;37;;touffe
3;4_3;7;12;47.4;;31;;touffe
3;4_3;8;14;47.2;;31;;touffe
3;4_3;9;16;47.3;;33;;touffe
3;4_3;10;18;47.6;;28;;touffe
3;4_3;11;20;47.8;;22;;touffe
3;4_3;12;22;47.7;;26;;touffe
3;4_3;13;24;47.5;;28;;touffe
3;4_3;14;26;47.3;;30;;touffe
3;4_3;15;28;47.5;;30;;touffe
3;4_3;16;30;47.4;;31;;touffe
3;4_3;17;32;47.4;;11;;touffe
3;4_3;18;34;47.4;;10;;touffe
3;4_3;19;36;47.5;;10;;intermed
3;4_3;20;38;47.4;;10;;intermed
3;4_3;21;40;47.3;;;;intermed
3;4_3;22;42;47.4;;;;intermed
3;4_3;23;44;47.4;;;;intermed
3;4_3;24;46;47.5;2;;;intermed
3;4_3;25;48;47.5;2;;;intermed
3;4_3;26;50;47.5;;;;intermed
3;4_3;27;52;47.4;;;;intermed
3;4_3;28;54;47.2;;;;intermed
3;4_3;29;56;47.2;;;;intermed
3;4_3;30;58;47.2;;;;intermed
3;4_3;31;60;47.2;;;;intermed
3;4_3;32;62;47.4;;;;intermed
3;4_3;33;64;47.4;;;;intermed
3;4_3;34;66;47.4;3;;;intermed
3;4_3;35;68;47.5;;;;intermed
3;4_3;36;70;47.4;;;;intermed
3;4_3;37;72;47.4;;;;intermed
3;4_3;38;74;47.4;4;;;intermed
3;4_3;39;76;47.5;4;;;annuelle
3;4_3;40;78;47.4;3;;;annuelle
3;4_3;41;80;47.3;2;;;annuelle
3;4_3;42;82;47.4;2;;;annuelle
3;4_3;43;84;47.5;6;;;annuelle
3;4_3;44;86;47.5;5;;;annuelle
3;4_3;45;88;47.4;;;;annuelle
3;4_3;46;90;47.5;;;;annuelle
3;4_3;47;92;47.3;5;;;annuelle
3;4_3;48;94;43.3;5;;;annuelle
3;4_3;49;96;47.4;5;;;annuelle
3;4_3;50;98;47.3;4;;;annuelle
3;5_3;1;0;49.2;;;11;touffe
3;5_3;2;4;48.9;;;28;touffe
3;5_3;3;8;49.8;;;12;touffe
3;5_3;4;12;49.4;;;7;touffe
3;5_3;5;16;49.0;;;18;touffe
3;5_3;6;20;48.9;;;14;touffe
3;5_3;7;24;49.3;;;15;touffe
3;5_3;8;28;49.3;;;15;touffe
3;5_3;9;32;49.3;;;3;touffe
3;5_3;10;36;49.5;;;15;touffe
3;5_3;11;40;49.3;;;10;touffe
3;5_3;12;44;49.5;;;11;touffe
3;5_3;13;48;49.5;;;3;touffe
3;5_3;14;52;49.5;;;4;touffe
3;5_3;15;56;49.5;;;;intermed
3;5_3;16;60;49.5;;;;intermed
3;5_3;17;64;49.3;;;;intermed
3;5_3;18;68;49.3;;;;intermed
3;5_3;19;72;49.4;;;;intermed
3;5_3;20;76;49.4;3;;;intermed
3;5_3;21;80;49.4;;;;intermed
3;5_3;22;84;49.1;;;;annuelle
3;5_3;23;88;49.5;3;;;annuelle
3;5_3;24;92;49.4;;;;annuelle
3;5_3;25;96;49.3;;;;annuelle
3;5_3;26;100;49.5;3;;;annuelle
3;5_3;27;104;49.3;2;;;annuelle
3;5_3;28;108;49.2;;;;annuelle
3;5_3;29;112;49.0;5;;;annuelle
3;5_3;30;116;48.8;3.5;;;annuelle
3;5_3;31;120;49.3;4;;;annuelle
3;5_3;32;124;49.0;2;;;annuelle
3;5_3;33;128;48.9;;;;annuelle
3;5_3;34;132;49.3;4;;;annuelle
3;5_3;35;136;49.3;;;;annuelle
3;5_3;36;140;49.4;3;;;annuelle
3;5_3;37;144;49.5;2;;;annuelle
3;5_3;38;148;49.3;1;;;annuelle
3;5_3;39;152;49.7;2;;;annuelle
3;5_3;40;156;49.5;;;;annuelle
3;5_3;41;160;49.6;1;;;annuelle
3;5_3;42;164;49.4;3;;;annuelle
3;5_3;43;168;49.4;;;;annuelle
3;5_3;44;172;49.4;3;;;annuelle
3;5_3;45;176;49.5;;;;annuelle
3;5_3;46;180;49.6;3;;;annuelle
3;5_3;47;184;49.6;2;;;annuelle
3;5_3;48;188;49.6;3;;;annuelle
3;5_3;49;192;49.5;;;;annuelle
3;5_3;50;196;49.5;;;;annuelle
3;6_3;1;0;50.2;;40;;touffe
3;6_3;2;2;50.5;;39;;touffe
3;6_3;3;4;50.8;;37;;touffe
3;6_3;4;6;50.4;;39;;touffe
3;6_3;5;8;51.3;;38;;touffe
3;6_3;6;10;51.5;;39;;touffe
3;6_3;7;12;51.1;;33;;touffe
3;6_3;8;14;51.5;;27;;touffe
3;6_3;9;16;51.7;;32;;touffe
3;6_3;10;18;51.9;;29;;touffe
3;6_3;11;20;51.8;;25;;touffe
3;6_3;12;22;51.8;;25;;touffe
3;6_3;13;24;51.8;;25;;touffe
3;6_3;14;26;51.8;;19;;touffe
3;6_3;15;28;51.9;;19;;touffe
3;6_3;16;30;51.8;;20;;touffe
3;6_3;17;32;51.6;;19;;touffe
3;6_3;18;34;51.6;;21;;touffe
3;6_3;19;36;51.8;;29;;touffe
3;6_3;20;38;51.9;;8;;touffe
3;6_3;21;40;51.9;;10;;touffe
3;6_3;22;42;52.0;;10;;intermed
3;6_3;23;44;51.9;;;;intermed
3;6_3;24;46;52.2;;;;intermed
3;6_3;25;48;52.0;2;;;intermed
3;6_3;26;50;52.1;;;;intermed
3;6_3;27;52;52.0;;;;intermed
3;6_3;28;54;52.2;2;;;intermed
3;6_3;29;56;52.0;;;;intermed
3;6_3;30;58;52.1;;;;intermed
3;6_3;31;60;52.1;;;;intermed
3;6_3;32;62;52.0;;;;intermed
3;6_3;33;64;51.9;;;;intermed
3;6_3;34;66;52.1;0.5;;;intermed
3;6_3;35;68;51.9;;;;intermed
3;6_3;36;70;52.1;;;;intermed
3;6_3;37;72;51.9;;;;annuelle
3;6_3;38;74;51.8;3.5;;;annuelle
3;6_3;39;76;51.8;3;;;annuelle
3;6_3;40;78;52.0;;;;annuelle
3;6_3;41;80;52.1;4.5;;;annuelle
3;6_3;42;82;52.1;4;;;annuelle
3;6_3;43;84;52.3;3;;;annuelle
3;6_3;44;86;52.5;3;;;annuelle
3;6_3;45;88;52.3;8;;;annuelle
3;6_3;46;90;52.4;9.5;;;annuelle
3;6_3;47;92;52.4;6;;;annuelle
3;6_3;48;94;52.3;9;;;annuelle
3;6_3;49;96;52.3;8.5;;;annuelle
3;6_3;50;98;52.7;3;;;annuelle
3;7_3;1;0;53.2;;;6;touffe
3;7_3;2;2;53.2;;;7;touffe
3;7_3;3;4;53.4;;;8;touffe
3;7_3;4;6;53.1;;;6.5;touffe
3;7_3;5;8;53.1;;;9;touffe
3;7_3;6;10;53.2;;;9;touffe
3;7_3;7;12;52.9;;;13;touffe
3;7_3;8;14;53.2;;;7;touffe
3;7_3;9;16;53.3;;;17;touffe
3;7_3;10;18;53.4;;;15;touffe
3;7_3;11;20;53.3;;;15;touffe
3;7_3;12;22;53.2;;;15;touffe
3;7_3;13;24;53.3;;;10;touffe
3;7_3;14;26;53.3;;;;intermed
3;7_3;15;28;53.7;;;;intermed
3;7_3;16;30;53.7;;;;intermed
3;7_3;17;32;53.5;;;;intermed
3;7_3;18;34;53.5;;;;intermed
3;7_3;19;36;53.5;;;;intermed
3;7_3;20;38;53.5;;;;intermed
3;7_3;21;40;53.4;;;;intermed
3;7_3;22;42;53.2;;;;intermed
3;7_3;23;44;53.2;;;;intermed
3;7_3;24;46;52.9;;;;intermed
3;7_3;25;48;53.2;;;;intermed
3;7_3;26;50;53.0;6;;;intermed
3;7_3;27;52;53.0;;;;annuelle
3;7_3;28;54;53.0;;;;annuelle
3;7_3;29;56;52.8;;;;annuelle
3;7_3;30;58;52.8;8;;;annuelle
3;7_3;31;60;52.8;9.5;;;annuelle
3;7_3;32;62;52.9;4;;;annuelle
3;7_3;33;64;53.0;;;;annuelle
3;7_3;34;66;53.0;;;;annuelle
3;7_3;35;68;52.8;;;;annuelle
3;7_3;36;70;52.8;;;;annuelle
3;7_3;37;72;52.6;7;;;annuelle
3;7_3;38;74;52.7;6;;;annuelle
3;7_3;39;76;52.8;6;;;annuelle
3;7_3;40;78;52.9;;;;annuelle
3;7_3;41;80;52.8;1;;;annuelle
3;7_3;42;82;52.9;1;;;annuelle
3;7_3;43;84;52.8;;;;annuelle
3;7_3;44;86;52.5;;;;annuelle
3;7_3;45;88;52.5;;;;annuelle
3;7_3;46;90;52.5;7;;;annuelle
3;7_3;47;92;52.3;10;;;annuelle
3;7_3;48;94;52.3;10;;;annuelle
3;7_3;49;96;52.3;9;;;annuelle
3;7_3;50;98;52.5;6;;;annuelle
3;8_3;1;0;32.8;;;4.5;touffe
3;8_3;2;2;33.0;;;11;touffe
3;8_3;3;4;33.2;;;11.5;touffe
3;8_3;4;6;33.3;;;10;touffe
3;8_3;5;8;33.2;;;12;touffe
3;8_3;6;10;33.3;;;11;touffe
3;8_3;7;12;33.6;5;;12;touffe
3;8_3;8;14;33.7;;;9;touffe
3;8_3;9;16;33.6;;;5.5;touffe
3;8_3;10;18;33.6;;;6;touffe
3;8_3;11;20;33.6;3;;8;touffe
3;8_3;12;22;33.6;;;;intermed
3;8_3;13;24;33.5;;;;intermed
3;8_3;14;26;33.2;;;;intermed
3;8_3;15;28;33.3;;;;intermed
3;8_3;16;30;33.3;;;;intermed
3;8_3;17;32;33.1;2;;;intermed
3;8_3;18;34;33.1;;;;intermed
3;8_3;19;36;33.2;;;;intermed
3;8_3;20;38;33.1;;;;intermed
3;8_3;21;40;33.3;;;;intermed
3;8_3;22;42;33.4;;;;intermed
3;8_3;23;44;33.5;;;;intermed
3;8_3;24;46;33.4;;;;intermed
3;8_3;25;48;33.3;4;;;intermed
3;8_3;26;50;33.2;5;;;intermed
3;8_3;27;52;32.9;;;;annuelle
3;8_3;28;54;32.8;;;;annuelle
3;8_3;29;56;33.1;7;;;annuelle
3;8_3;30;58;32.5;6.5;;;annuelle
3;8_3;31;60;32.6;;;;annuelle
3;8_3;32;62;33.1;;;;annuelle
3;8_3;33;64;33.1;2;;;annuelle
3;8_3;34;66;32.8;;;;annuelle
3;8_3;35;68;32.8;4;;;annuelle
3;8_3;36;70;32.9;6;;;annuelle
3;8_3;37;72;33.0;6.5;;;annuelle
3;8_3;38;74;32.9;5;;;annuelle
3;8_3;39;76;32.7;6.5;;;annuelle
3;8_3;40;78;33.0;9;;;annuelle
3;8_3;41;80;33.0;8;;;annuelle
3;8_3;42;82;32.9;11;;;annuelle
3;8_3;43;84;32.9;7;;;annuelle
3;8_3;44;86;32.9;;;;annuelle
3;8_3;45;88;32.7;;;;annuelle
3;8_3;46;90;32.1;6;;;annuelle
3;8_3;47;92;32.1;;;;annuelle
3;8_3;48;94;32.3;1.5;;;annuelle
3;8_3;49;96;32.4;7.5;;;annuelle
3;8_3;50;98;32.4;3;;;annuelle
3;9_3;1;0;56.2;;32;;touffe
3;9_3;2;4;55.9;;28;;touffe
3;9_3;3;8;56.4;;34;;touffe
3;9_3;4;12;56.8;;31;;touffe
3;9_3;5;16;57.2;;32;;touffe
3;9_3;6;20;56.6;;28;;touffe
3;9_3;7;24;57.0;;25;;touffe
3;9_3;8;28;56.9;;22;;touffe
3;9_3;9;32;57.3;;21;;touffe
3;9_3;10;36;56.7;;17;;touffe
3;9_3;11;40;56.8;;11;;touffe
3;9_3;12;44;57.0;;11;;touffe
3;9_3;13;48;57.2;;;;intermed
3;9_3;14;52;57.4;;;;intermed
3;9_3;15;56;57.3;;;;intermed
3;9_3;16;60;57.3;;;;intermed
3;9_3;17;64;57.2;;;;intermed
3;9_3;18;68;57.1;;;;intermed
3;9_3;19;72;57.1;;;;intermed
3;9_3;20;76;57.0;3;;;intermed
3;9_3;21;80;56.9;3;;;intermed
3;9_3;22;84;56.8;;;;intermed
3;9_3;23;88;57.0;;;;intermed
3;9_3;24;92;56.9;;;;intermed
3;9_3;25;96;57.0;;;;intermed
3;9_3;26;100;57.0;;;;intermed
3;9_3;27;104;56.9;;;;annuelle
3;9_3;28;108;56.9;2.5;;;annuelle
3;9_3;29;112;56.8;3;;;annuelle
3;9_3;30;116;56.8;2.5;;;annuelle
3;9_3;31;120;56.9;2;;;annuelle
3;9_3;32;124;56.7;5;;;annuelle
3;9_3;33;128;56.8;;;;annuelle
3;9_3;34;132;56.6;2;;;annuelle
3;9_3;35;136;56.9;;;;annuelle
3;9_3;36;140;57.0;2;;;annuelle
3;9_3;37;144;57.0;4;;;annuelle
3;9_3;38;148;57.3;3;;;annuelle
3;9_3;39;152;57.0;2;;;annuelle
3;9_3;40;156;57.1;5;;;annuelle
3;9_3;41;160;56.8;5;;;annuelle
3;9_3;42;164;57.0;3;;;annuelle
3;9_3;43;168;56.8;;;;annuelle
3;9_3;44;172;56.7;;;;annuelle
3;9_3;45;176;56.8;5;;;annuelle
3;9_3;46;180;57.0;6;;;annuelle
3;9_3;47;184;56.7;1;;;annuelle
3;9_3;48;188;56.9;;;;annuelle
3;9_3;49;192;57.1;5;;;annuelle
3;9_3;50;196;57.1;3;;;annuelle
3;10_3;1;0;52.4;;40;;touffe
3;10_3;2;4;53.6;;41;;touffe
3;10_3;3;8;53.7;;45;;touffe
3;10_3;4;12;53.9;;39;;touffe
3;10_3;5;16;53.4;;38;;touffe
3;10_3;6;20;53.3;;35;;touffe
3;10_3;7;24;53.7;;33;;touffe
3;10_3;8;28;53.3;;25;;touffe
3;10_3;9;32;53.7;;22;;touffe
3;10_3;10;36;53.9;;11;;touffe
3;10_3;11;40;54.5;;10;;touffe
3;10_3;12;44;54.3;4.5;8;;intermed
3;10_3;13;48;53.9;;;;intermed
3;10_3;14;52;54.1;;;;intermed
3;10_3;15;56;54.0;;;;intermed
3;10_3;16;60;54.1;4;;;intermed
3;10_3;17;64;55.9;3;;;intermed
3;10_3;18;68;54.1;;;;intermed
3;10_3;19;72;53.8;4;;;intermed
3;10_3;20;76;53.7;2;;;intermed
3;10_3;21;80;53.5;3;;;intermed
3;10_3;22;84;53.8;3;;;annuelle
3;10_3;23;88;53.7;5;;;annuelle
3;10_3;24;92;53.8;6;;;annuelle
3;10_3;25;96;53.8;4;;;annuelle
3;10_3;26;100;53.7;4;;;annuelle
3;10_3;27;104;53.9;;;;annuelle
3;10_3;28;108;53.6;3;;;annuelle
3;10_3;29;112;54.2;4;;;annuelle
3;10_3;30;116;54.2;2;;;annuelle
3;10_3;31;120;54.2;5;;;annuelle
3;10_3;32;124;53.8;2;;;annuelle
3;10_3;33;128;54.1;2;;;annuelle
3;10_3;34;132;53.7;;;;annuelle
3;10_3;35;136;54.3;7;;;annuelle
3;10_3;36;140;54.1;3;;;annuelle
3;10_3;37;144;54.2;5;;;annuelle
3;10_3;38;148;54.2;3;;;annuelle
3;10_3;39;152;54.3;5;;;annuelle
3;10_3;40;156;54.0;5;;;annuelle
3;10_3;41;160;54.3;3;;;annuelle
3;10_3;42;164;54.2;6;;;annuelle
3;10_3;43;168;54.5;4;;;annuelle
3;10_3;44;172;54.2;7;;;annuelle
3;10_3;45;176;54.1;;;;annuelle
3;10_3;46;180;54.1;4;;;annuelle
3;10_3;47;184;54.2;;;;annuelle
3;10_3;48;188;54.2;2;;;annuelle
3;10_3;49;192;54.4;4;;;annuelle
3;10_3;50;196;54.3;3;;;annuelle
